{
    "人取橋": {
        "kor": "히토토리바시",
        "jpn": "ひととりばし"
    },
    "郡山": {
        "kor": "코리야마",
        "jpn": "こおりやま"
    },
    "摺上原": {
        "kor": "스리아게하라",
        "jpn": "す리あげはら"
    },
    "川中島": {
        "kor": "카와나카지마",
        "jpn": "かわなかじ마"
    },
    "唐沢山": {
        "kor": "카라사와야마",
        "jpn": "からさわやま"
    },
    "国府台": {
        "kor": "코노다이",
        "jpn": "こうのだい"
    },
    "三船台": {
        "kor": "미후네다이",
        "jpn": "みふねだい"
    },
    "神川": {
        "kor": "칸가와",
        "jpn": "かんがわ"
    },
    "河越": {
        "kor": "카와고에",
        "jpn": "かわごえ"
    },
    "三増峠": {
        "kor": "미마세토게",
        "jpn": "みませとうげ"
    },
    "三方が原": {
        "kor": "미카타가하라",
        "jpn": "みかたがはら"
    },
    "設楽ヶ原": {
        "kor": "시타라가하라",
        "jpn": "したらがはら"
    },
    "手取川": {
        "kor": "테도리가와",
        "jpn": "てどりがわ"
    },
    "長島": {
        "kor": "나가시마",
        "jpn": "ながしま"
    },
    "姉川": {
        "kor": "아네가와",
        "jpn": "あねがわ"
    },
    "墨俣": {
        "kor": "스노마타",
        "jpn": "すのまた"
    },
    "桶狭間": {
        "kor": "오케하자마",
        "jpn": "おけはざま"
    },
    "金ヶ崎": {
        "kor": "카네가사키",
        "jpn": "かねがさき"
    },
    "山崎": {
        "kor": "야마자키",
        "jpn": "やまざき"
    },
    "信貴山": {
        "kor": "시기산",
        "jpn": "しぎさん"
    },
    "木津川": {
        "kor": "키즈가와",
        "jpn": "きづ가わ"
    },
    "天引峠": {
        "kor": "아마비키토게",
        "jpn": "あまびきとうげ"
    },
    "平井山": {
        "kor": "히라이야마",
        "jpn": "ひらいやま"
    },
    "太閤ヶ平": {
        "kor": "타이코가나루",
        "jpn": "たいこうがなる"
    },
    "月山": {
        "kor": "갓산",
        "jpn": "がっさん"
    },
    "厳島": {
        "kor": "이츠쿠시마",
        "jpn": "いつくしま"
    },
    "忍原": {
        "kor": "오시바라",
        "jpn": "おしばら"
    },
    "渡川": {
        "kor": "와타리가와",
        "jpn": "わたりがわ"
    },
    "今山": {
        "kor": "이마야마",
        "jpn": "いまやま"
    },
    "沖田畷": {
        "kor": "오키타나와테",
        "jpn": "おきたなわて"
    },
    "高城川": {
        "kor": "타카죠가와",
        "jpn": "たかじょうがわ"
    },
    "岩出山城": {
        "kor": "이와테산성",
        "jpn": "いわでやまじょう"
    },
    "黒川城": {
        "kor": "쿠로카와성",
        "jpn": "くろかわじょう"
    },
    "山形城": {
        "kor": "야마가타성",
        "jpn": "やまがたじょう"
    },
    "春日山城": {
        "kor": "카스가산성",
        "jpn": "かすがやまじょう"
    },
    "太田城": {
        "kor": "오오타성",
        "jpn": "おおたじょう"
    },
    "唐沢山城": {
        "kor": "카라사와산성",
        "jpn": "からさわやまじょう"
    },
    "国府台城": {
        "kor": "코노다이성",
        "jpn": "こうのだ이じょう"
    },
    "久留里城": {
        "kor": "쿠루리성",
        "jpn": "くるりじょう"
    },
    "平井城": {
        "kor": "히라이성",
        "jpn": "ひらいじょう"
    },
    "滝山城": {
        "kor": "타키야마성",
        "jpn": "たきやまじょう"
    },
    "七尾城": {
        "kor": "나나오성",
        "jpn": "ななおじょう"
    },
    "富山城": {
        "kor": "토야마성",
        "jpn": "とやまじょう"
    },
    "小田原城": {
        "kor": "오다와라성",
        "jpn": "おだわらじょう"
    },
    "躑躅ヶ崎館": {
        "kor": "츠츠지가사키저(야카타)",
        "jpn": "つつじがさきやかた"
    },
    "駿府城": {
        "kor": "슨푸성",
        "jpn": "すんぷじょう"
    },
    "海津城": {
        "kor": "카이즈성",
        "jpn": "かいづじょう"
    },
    "掛川城": {
        "kor": "카케가와성",
        "jpn": "かけがわじょう"
    },
    "松倉城": {
        "kor": "마츠쿠라성",
        "jpn": "まつくらじょう"
    },
    "岡崎城": {
        "kor": "오카자키성",
        "jpn": "おかざきじょう"
    },
    "尾山御坊": {
        "kor": "오야마고보",
        "jpn": "おやまごぼう"
    },
    "安濃津城": {
        "kor": "아노츠성",
        "jpn": "あのつじょう"
    },
    "一乗谷城": {
        "kor": "이치죠다니성",
        "jpn": "いちじょうだにじょう"
    },
    "稲葉山城": {
        "kor": "이나바산성",
        "jpn": "いなばやまじょう"
    },
    "清洲城": {
        "kor": "키요스성",
        "jpn": "키よすじょう"
    },
    "小谷城": {
        "kor": "오다니성",
        "jpn": "おだにじょう"
    },
    "観音寺城": {
        "kor": "칸논지성",
        "jpn": "かんおんじじょう"
    },
    "八田城": {
        "kor": "핫타성",
        "jpn": "はったじょう"
    },
    "二条城": {
        "kor": "니조성",
        "jpn": "にじょうじょう"
    },
    "信貴山城": {
        "kor": "시기산성",
        "jpn": "しぎさんじょう"
    },
    "雑賀城": {
        "kor": "사이카성",
        "jpn": "さいかじょう"
    },
    "若江城": {
        "kor": "와카에성",
        "jpn": "わかえじょう"
    },
    "八上城": {
        "kor": "야가미성",
        "jpn": "やがみじょう"
    },
    "三木城": {
        "kor": "미키성",
        "jpn": "みきじょう"
    },
    "鳥取城": {
        "kor": "톳토리성",
        "jpn": "とっとりじょう"
    },
    "岡山城": {
        "kor": "오카야마성",
        "jpn": "おかやまじょう"
    },
    "月山富田城": {
        "kor": "갓산토다성",
        "jpn": "がっさんとだじょう"
    },
    "吉田郡山城": {
        "kor": "요시다코리산성",
        "jpn": "よしだこおりやまじょう"
    },
    "温湯城": {
        "kor": "누쿠유성",
        "jpn": "ぬくゆじょう"
    },
    "且山城": {
        "kor": "카츠야마성",
        "jpn": "かつやまじょう"
    },
    "虎丸城": {
        "kor": "토라마루성",
        "jpn": "とらまるじょう"
    },
    "勝瑞城": {
        "kor": "쇼즈이성",
        "jpn": "しょうずい지ょう"
    },
    "湯築城": {
        "kor": "유즈키성",
        "jpn": "ゆづきじょう"
    },
    "岡豊城": {
        "kor": "오코성",
        "jpn": "おこうじょう"
    },
    "臼杵城": {
        "kor": "우스키성",
        "jpn": "우すきじょう"
    },
    "柳河城": {
        "kor": "야나가와성",
        "jpn": "やながわじょう"
    },
    "人吉城": {
        "kor": "히토요시성",
        "jpn": "ひとよしじょう"
    },
    "飫肥城": {
        "kor": "오비성",
        "jpn": "おびじょう"
    },
    "鹿児島城": {
        "kor": "카고시마성",
        "jpn": "かごしまじょう"
    }
}